TOWNID,GEOID20,TOWN,COUNTY_NUM,COUNTY_NAME,MASSDOT_DISTRICT,RPA,MPO,MPO_SUBREGION,RTA,MBTA,MBTA_MFZONING,MAPC_COMM_TYPE,MAPC_COMM_SUBTYPE
1,2502300170,Abington,023,Plymouth,5,OCPC,Old Colony,Old Colony: Higher Population,BAT,Extended,Commuter Rail,Developing Suburbs,DS: Maturing New England Towns
2,2501700380,Acton,017,Middlesex,3,MAPC,Boston Region,Boston Region: MAGIC,LRTA,Extended,Commuter Rail,Maturing Suburbs,MS: Established Suburbs and Cape Cod Towns
3,2500500520,Acushnet,005,Bristol,5,SRPEDD,Southeast Mass,Southeast Mass: Bristol,SRTA,Not MBTA,NA,Developing Suburbs,DS: Maturing New England Towns
4,2500300555,Adams,003,Berkshire,1,BCRPC,Berkshire,Berkshire: North,BRTA,Not MBTA,NA,Developing Suburbs,DS: Maturing New England Towns
5,2501300840,Agawam,013,Hampden,2,PVPC,Pioneer Valley,Pioneer Valley: 2,PVTA,Not MBTA,NA,Developing Suburbs,DS: Maturing New England Towns
6,2500300975,Alford,003,Berkshire,1,BCRPC,Berkshire,Berkshire: Southwest,BRTA,Not MBTA,NA,Rural Towns,Rural Towns
7,2500901260,Amesbury,009,Essex,4,MVPC,Merrimack Valley,Merrimack Valley: 1,MVRTA,Extended,Adjacent community,Regional Urban Centers,RUC: Sub-RUC
8,2501501370,Amherst,015,Hampshire,2,PVPC,Pioneer Valley,Pioneer Valley: 3,PVTA,Not MBTA,NA,Regional Urban Centers,RUC: Sub-RUC
9,2500901465,Andover,009,Essex,4,MVPC,Merrimack Valley,Merrimack Valley: 4,MVRTA,Extended,Commuter Rail,Developing Suburbs,DS: Maturing New England Towns
10,2501701605,Arlington,017,Middlesex,4,MAPC,Boston Region,Boston Region: ICC,None (MBTA),Core (14),Adjacent community,Inner Core,IC: Streetcar Suburbs
11,2502701885,Ashburnham,027,Worcester,3,MRPC,Montachusett,Montachusett: 2,MART,Extended,Adjacent small town,Developing Suburbs,DS: Country Suburbs
12,2501701955,Ashby,017,Middlesex,3,MRPC,Montachusett,Montachusett: 2,MART,Extended,Adjacent small town,Rural Towns,Rural Towns
13,2501102095,Ashfield,011,Franklin,1,FCPD,Franklin,Franklin: West County,FRTA,Not MBTA,NA,Rural Towns,Rural Towns
14,2501702130,Ashland,017,Middlesex,3,MAPC,Boston Region,Boston Region: MWRC,MWRTA,Extended,Commuter Rail,Maturing Suburbs,MS: Established Suburbs and Cape Cod Towns
15,2502702480,Athol,027,Worcester,2,MRPC,Montachusett,Montachusett: 1,MART,Not MBTA,NA,Developing Suburbs,DS: Maturing New England Towns
16,2500502690,Attleboro,005,Bristol,5,SRPEDD,Southeast Mass,Southeast Mass: Attleboro,GATRA,Extended,Commuter Rail,Regional Urban Centers,RUC: Sub-RUC
17,2502702760,Auburn,027,Worcester,3,CMRPC,Central Mass,Central Mass: Southwest,WRTA,Extended,Adjacent community,Developing Suburbs,DS: Maturing New England Towns
18,2502102935,Avon,021,Norfolk,5,OCPC,Old Colony,Old Colony: Lower Population,BAT,Not MBTA,NA,Maturing Suburbs,MS: Mature Suburban Towns
19,2501703005,Ayer,017,Middlesex,3,MRPC,Montachusett,Montachusett: 3,MART,Extended,Commuter Rail,Developing Suburbs,DS: Maturing New England Towns
20,2500103690,Barnstable,001,Barnstable,5,CCC,Cape Cod,Cape Cod: Mid Cape,CCRTA,Not MBTA,NA,Maturing Suburbs,MS: Established Suburbs and Cape Cod Towns
21,2502703740,Barre,027,Worcester,2,CMRPC,Central Mass,Central Mass: North,WRTA/MART,Not MBTA,NA,Developing Suburbs,DS: Country Suburbs
22,2500304545,Becket,003,Berkshire,1,BCRPC,Berkshire,Berkshire: Southeast,BRTA,Not MBTA,NA,Rural Towns,Rural Towns
23,2501704615,Bedford,017,Middlesex,4,MAPC,Boston Region,Boston Region: MAGIC,None (MBTA),Core (51),Adjacent community,Maturing Suburbs,MS: Established Suburbs and Cape Cod Towns
24,2501504825,Belchertown,015,Hampshire,2,PVPC,Pioneer Valley,Pioneer Valley: 4,PVTA,Not MBTA,NA,Developing Suburbs,DS: Country Suburbs
25,2502104930,Bellingham,021,Norfolk,3,MAPC,Boston Region,Boston Region: SWAP,GATRA,Extended,Adjacent community,Developing Suburbs,DS: Maturing New England Towns
26,2501705070,Belmont,017,Middlesex,4,MAPC,Boston Region,Boston Region: ICC,None (MBTA),Core (14),Commuter Rail,Inner Core,IC: Streetcar Suburbs
27,2500505280,Berkley,005,Bristol,5,SRPEDD,Southeast Mass,Southeast Mass: Bristol,GATRA,Extended,Adjacent small town,Developing Suburbs,DS: Country Suburbs
28,2502705490,Berlin,027,Worcester,3,CMRPC,Central Mass,Central Mass: Northeast,WRTA,Not MBTA,NA,Developing Suburbs,DS: Country Suburbs
29,2501105560,Bernardston,011,Franklin,2,FCPD,Franklin,Franklin: Central County,FRTA,Not MBTA,NA,Rural Towns,Rural Towns
30,2500905595,Beverly,009,Essex,4,MAPC,Boston Region,Boston Region: NSTF,None (MBTA),Core (51),Commuter Rail,Regional Urban Centers,RUC: Sub-RUC
31,2501705805,Billerica,017,Middlesex,4,NMCOG,Northern Middlesex,Northern Middlesex: No Subregion,LRTA,Extended,Commuter Rail,Maturing Suburbs,MS: Established Suburbs and Cape Cod Towns
32,2502706015,Blackstone,027,Worcester,3,CMRPC,Central Mass,Central Mass: Southeast,None,Not MBTA,NA,Developing Suburbs,DS: Maturing New England Towns
33,2501306085,Blandford,013,Hampden,1,PVPC,Pioneer Valley,Pioneer Valley: 5,FRTA,Not MBTA,NA,Rural Towns,Rural Towns
34,2502706365,Bolton,027,Worcester,3,MAPC,Boston Region,Boston Region: MAGIC,MART,Not MBTA,NA,Developing Suburbs,DS: Country Suburbs
35,2502507000,Boston,025,Suffolk,6,MAPC,Boston Region,Boston Region: ICC,None (MBTA),Core (14),Boston,Inner Core,IC: Metro Core Communities
36,2500107175,Bourne,001,Barnstable,5,CCC,Cape Cod,Cape Cod: Upper Cape,CCRTA,Extended (2016),Adjacent small town,Maturing Suburbs,MS: Established Suburbs and Cape Cod Towns
37,2501707350,Boxborough,017,Middlesex,3,MAPC,Boston Region,Boston Region: MAGIC,MART,Extended,Adjacent small town,Developing Suburbs,DS: Country Suburbs
38,2500907420,Boxford,009,Essex,4,MVPC,Merrimack Valley,Merrimack Valley: 3,MVRTA,Extended,Adjacent small town,Developing Suburbs,DS: Country Suburbs
39,2502707525,Boylston,027,Worcester,3,CMRPC,Central Mass,Central Mass: Northeast,WRTA,Not MBTA,NA,Developing Suburbs,DS: Country Suburbs
40,2502107740,Braintree,021,Norfolk,6,MAPC,Boston Region,Boston Region: SSC,None (MBTA),Core (51),Rapid Transit,Maturing Suburbs,MS: Mature Suburban Towns
41,2500107980,Brewster,001,Barnstable,5,CCC,Cape Cod,Cape Cod: Lower Cape,CCRTA,Not MBTA,NA,Maturing Suburbs,MS: Established Suburbs and Cape Cod Towns
42,2502308130,Bridgewater,023,Plymouth,5,OCPC,Old Colony,Old Colony: Higher Population,BAT,Extended,Commuter Rail,Developing Suburbs,DS: Maturing New England Towns
43,2501308470,Brimfield,013,Hampden,2,PVPC,Pioneer Valley,Pioneer Valley: 4,WRTA,Not MBTA,NA,Rural Towns,Rural Towns
44,2502309000,Brockton,023,Plymouth,5,OCPC,Old Colony,Old Colony: Brockton,BAT,Extended,Commuter Rail,Regional Urban Centers,RUC: Major RUC
45,2502709105,Brookfield,027,Worcester,3,CMRPC,Central Mass,Central Mass: West,WRTA,Not MBTA,NA,Developing Suburbs,DS: Maturing New England Towns
46,2502109175,Brookline,021,Norfolk,6,MAPC,Boston Region,Boston Region: ICC,None (MBTA),Core (14),Rapid Transit,Inner Core,IC: Streetcar Suburbs
47,2501109595,Buckland,011,Franklin,1,FCPD,Franklin,Franklin: West County,FRTA,Not MBTA,NA,Rural Towns,Rural Towns
48,2501709840,Burlington,017,Middlesex,4,MAPC,Boston Region,Boston Region: NSPC,None (MBTA),Core (51),Adjacent community,Maturing Suburbs,MS: Mature Suburban Towns
49,2501711000,Cambridge,017,Middlesex,6,MAPC,Boston Region,Boston Region: ICC,None (MBTA),Core (14),Rapid Transit,Inner Core,IC: Metro Core Communities
50,2502111315,Canton,021,Norfolk,6,MAPC,Boston Region,Boston Region: TRIC,None (MBTA),Core (51),Commuter Rail,Maturing Suburbs,MS: Established Suburbs and Cape Cod Towns
51,2501711525,Carlisle,017,Middlesex,4,MAPC,Boston Region,Boston Region: MAGIC,LRTA,Extended,Adjacent small town,Developing Suburbs,DS: Country Suburbs
52,2502311665,Carver,023,Plymouth,5,SRPEDD,Southeast Mass,Southeast Mass: Plymouth,GATRA,Extended,Adjacent small town,Developing Suburbs,DS: Maturing New England Towns
53,2501112505,Charlemont,011,Franklin,1,FCPD,Franklin,Franklin: West County,FRTA,Not MBTA,NA,Rural Towns,Rural Towns
54,2502712715,Charlton,027,Worcester,3,CMRPC,Central Mass,Central Mass: Southwest,WRTA,Not MBTA,NA,Developing Suburbs,DS: Country Suburbs
55,2500112995,Chatham,001,Barnstable,5,CCC,Cape Cod,Cape Cod: Lower Cape,CCRTA,Not MBTA,NA,Maturing Suburbs,MS: Established Suburbs and Cape Cod Towns
56,2501713135,Chelmsford,017,Middlesex,4,NMCOG,Northern Middlesex,Northern Middlesex: No Subregion,LRTA,Extended,Adjacent community,Maturing Suburbs,MS: Established Suburbs and Cape Cod Towns
57,2502513205,Chelsea,025,Suffolk,6,MAPC,Boston Region,Boston Region: ICC,None (MBTA),Core (14),Rapid Transit,Inner Core,IC: Metro Core Communities
58,2500313345,Cheshire,003,Berkshire,1,BCRPC,Berkshire,Berkshire: North-Central,BRTA,Not MBTA,NA,Developing Suburbs,DS: Maturing New England Towns
59,2501313485,Chester,013,Hampden,1,PVPC,Pioneer Valley,Pioneer Valley: 5,FRTA,Not MBTA,NA,Rural Towns,Rural Towns
60,2501513590,Chesterfield,015,Hampshire,1,PVPC,Pioneer Valley,Pioneer Valley: 5,FRTA,Not MBTA,NA,Rural Towns,Rural Towns
61,2501313660,Chicopee,013,Hampden,2,PVPC,Pioneer Valley,Pioneer Valley: 1,PVTA,Not MBTA,NA,Regional Urban Centers,RUC: Sub-RUC
62,2500713800,Chilmark,007,Dukes,5,MVC,Martha's Vineyard,Martha's Vineyard: MV,VTA,Not MBTA,NA,Rural Towns,Rural Towns
63,2500314010,Clarksburg,003,Berkshire,1,BCRPC,Berkshire,Berkshire: North,BRTA,Not MBTA,NA,Rural Towns,Rural Towns
64,2502714395,Clinton,027,Worcester,3,MRPC,Montachusett,Montachusett: 4,WRTA,Not MBTA,NA,Regional Urban Centers,RUC: Sub-RUC
65,2502114640,Cohasset,021,Norfolk,5,MAPC,Boston Region,Boston Region: SSC,None (MBTA),Core (51),Commuter Rail,Developing Suburbs,DS: Country Suburbs
66,2501114885,Colrain,011,Franklin,1,FCPD,Franklin,Franklin: West County,FRTA,Not MBTA,NA,Rural Towns,Rural Towns
67,2501715060,Concord,017,Middlesex,4,MAPC,Boston Region,Boston Region: MAGIC,None (MBTA),Core (51),Commuter Rail,Maturing Suburbs,MS: Established Suburbs and Cape Cod Towns
68,2501115200,Conway,011,Franklin,1,FCPD,Franklin,Franklin: Central County,FRTA,Not MBTA,NA,Rural Towns,Rural Towns
69,2501516040,Cummington,015,Hampshire,1,PVPC,Pioneer Valley,Pioneer Valley: 5,FRTA,Not MBTA,NA,Rural Towns,Rural Towns
70,2500316180,Dalton,003,Berkshire,1,BCRPC,Berkshire,Berkshire: North-Central,BRTA,Not MBTA,NA,Developing Suburbs,DS: Maturing New England Towns
71,2500916250,Danvers,009,Essex,4,MAPC,Boston Region,Boston Region: NSTF,None (MBTA),Core (51),Adjacent community,Maturing Suburbs,MS: Mature Suburban Towns
72,2500516425,Dartmouth,005,Bristol,5,SRPEDD,Southeast Mass,Southeast Mass: Bristol,SRTA,Not MBTA,NA,Developing Suburbs,DS: Maturing New England Towns
73,2502116495,Dedham,021,Norfolk,6,MAPC,Boston Region,Boston Region: TRIC,None (MBTA),Core (51),Commuter Rail,Maturing Suburbs,MS: Mature Suburban Towns
74,2501116670,Deerfield,011,Franklin,2,FCPD,Franklin,Franklin: Central County,FRTA,Not MBTA,NA,Developing Suburbs,DS: Maturing New England Towns
75,2500116775,Dennis,001,Barnstable,5,CCC,Cape Cod,Cape Cod: Mid Cape,CCRTA,Not MBTA,NA,Maturing Suburbs,MS: Established Suburbs and Cape Cod Towns
76,2500516950,Dighton,005,Bristol,5,SRPEDD,Southeast Mass,Southeast Mass: Bristol,GATRA,Not MBTA,NA,Developing Suburbs,DS: Country Suburbs
77,2502717300,Douglas,027,Worcester,3,CMRPC,Central Mass,Central Mass: Southeast,WRTA,Not MBTA,NA,Developing Suburbs,DS: Country Suburbs
78,2502117405,Dover,021,Norfolk,6,MAPC,Boston Region,Boston Region: TRIC/SWAP,MWRTA,Core (51),Adjacent small town,Developing Suburbs,DS: Country Suburbs
79,2501717475,Dracut,017,Middlesex,4,NMCOG,Northern Middlesex,Northern Middlesex: No Subregion,LRTA,Extended,Adjacent community,Developing Suburbs,DS: Maturing New England Towns
80,2502717685,Dudley,027,Worcester,3,CMRPC,Central Mass,Central Mass: Southwest,WRTA,Not MBTA,NA,Developing Suburbs,DS: Maturing New England Towns
81,2501717825,Dunstable,017,Middlesex,3,NMCOG,Northern Middlesex,Northern Middlesex: No Subregion,LRTA,Not MBTA,NA,Developing Suburbs,DS: Country Suburbs
82,2502317895,Duxbury,023,Plymouth,5,MAPC/OCPC,Old Colony,Old Colony: Higher Population,GATRA,Extended,Adjacent community,Maturing Suburbs,MS: Established Suburbs and Cape Cod Towns
83,2502318455,East Bridgewater,023,Plymouth,5,OCPC,Old Colony,Old Colony: Lower Population,BAT,Extended,Adjacent community,Developing Suburbs,DS: Maturing New England Towns
84,2502718560,East Brookfield,027,Worcester,3,CMRPC,Central Mass,Central Mass: West,WRTA,Not MBTA,NA,Developing Suburbs,DS: Maturing New England Towns
85,2501319645,East Longmeadow,013,Hampden,2,PVPC,Pioneer Valley,Pioneer Valley: 4,PVTA,Not MBTA,NA,Developing Suburbs,DS: Maturing New England Towns
86,2500119295,Eastham,001,Barnstable,5,CCC,Cape Cod,Cape Cod: Outer Cape,CCRTA,Not MBTA,NA,Maturing Suburbs,MS: Established Suburbs and Cape Cod Towns
87,2501519370,Easthampton,015,Hampshire,2,PVPC,Pioneer Valley,Pioneer Valley: 3,PVTA,Not MBTA,NA,Regional Urban Centers,RUC: Sub-RUC
88,2500520100,Easton,005,Bristol,5,OCPC,Old Colony,Old Colony: Higher Population,BAT,Extended,Adjacent community,Developing Suburbs,DS: Maturing New England Towns
89,2500721150,Edgartown,007,Dukes,5,MVC,Martha's Vineyard,Martha's Vineyard: MV,VTA,Not MBTA,NA,Developing Suburbs,DS: Maturing New England Towns
90,2500321360,Egremont,003,Berkshire,1,BCRPC,Berkshire,Berkshire: Southwest,BRTA,Not MBTA,NA,Rural Towns,Rural Towns
91,2501121780,Erving,011,Franklin,2,FCPD,Franklin,Franklin: East County,FRTA,Not MBTA,NA,Rural Towns,Rural Towns
92,2500921850,Essex,009,Essex,4,MAPC,Boston Region,Boston Region: NSTF,CATA,Extended,Adjacent small town,Developing Suburbs,DS: Maturing New England Towns
93,2501721990,Everett,017,Middlesex,4,MAPC,Boston Region,Boston Region: ICC,None (MBTA),Core (14),Rapid Transit,Inner Core,IC: Metro Core Communities
94,2500522130,Fairhaven,005,Bristol,5,SRPEDD,Southeast Mass,Southeast Mass: Bristol,SRTA,Not MBTA,NA,Developing Suburbs,DS: Maturing New England Towns
95,2500523000,Fall River,005,Bristol,5,SRPEDD,Southeast Mass,Southeast Mass: Fall River,SRTA,Extended (2022),Commuter Rail,Regional Urban Centers,RUC: Major RUC
96,2500123105,Falmouth,001,Barnstable,5,CCC,Cape Cod,Cape Cod: Upper Cape,CCRTA,Not MBTA,NA,Maturing Suburbs,MS: Established Suburbs and Cape Cod Towns
97,2502723875,Fitchburg,027,Worcester,3,MRPC,Montachusett,Montachusett: Fitchburg,MART,Extended,Commuter Rail,Regional Urban Centers,RUC: Sub-RUC
98,2500324120,Florida,003,Berkshire,1,BCRPC,Berkshire,Berkshire: North,BRTA,Not MBTA,NA,Rural Towns,Rural Towns
99,2502124820,Foxborough,021,Norfolk,5,MAPC,Boston Region,Boston Region: TRIC,GATRA,Extended,Adjacent community,Developing Suburbs,DS: Maturing New England Towns
100,2501724960,Framingham,017,Middlesex,3,MAPC,Boston Region,Boston Region: MWRC,MWRTA,Core (51),Commuter Rail,Regional Urban Centers,RUC: Sub-RUC
101,2502125172,Franklin,021,Norfolk,3,MAPC,Boston Region,Boston Region: SWAP,GATRA,Extended,Commuter Rail,Developing Suburbs,DS: Maturing New England Towns
102,2500525240,Freetown,005,Bristol,5,SRPEDD,Southeast Mass,Southeast Mass: Bristol,SRTA,Extended,Commuter Rail,Developing Suburbs,DS: Country Suburbs
103,2502725485,Gardner,027,Worcester,3,MRPC,Montachusett,Montachusett: Gardner,MART,Not MBTA,NA,Regional Urban Centers,RUC: Sub-RUC
104,2500701585,Aquinnah,007,Dukes,5,MVC,Martha's Vineyard,Martha's Vineyard: MV,VTA,Not MBTA,NA,Rural Towns,Rural Towns
105,2500925625,Georgetown,009,Essex,4,MVPC,Merrimack Valley,Merrimack Valley: 3,MVRTA,Extended,Adjacent community,Developing Suburbs,DS: Country Suburbs
106,2501125730,Gill,011,Franklin,2,FCPD,Franklin,Franklin: Central County,FRTA,Not MBTA,NA,Rural Towns,Rural Towns
107,2500926150,Gloucester,009,Essex,4,MAPC,Boston Region,Boston Region: NSTF,CATA,Extended,Commuter Rail,Regional Urban Centers,RUC: Sub-RUC
108,2501526290,Goshen,015,Hampshire,1,PVPC,Pioneer Valley,Pioneer Valley: 5,FRTA,Not MBTA,NA,Rural Towns,Rural Towns
109,2500726325,Gosnold,007,Dukes,5,MVC,Martha's Vineyard,Martha's Vineyard: EI,None,Not MBTA,NA,Rural Towns,Rural Towns
110,2502726430,Grafton,027,Worcester,3,CMRPC,Central Mass,Central Mass: Southeast,WRTA,Extended,Adjacent community,Developing Suburbs,DS: Maturing New England Towns
111,2501526535,Granby,015,Hampshire,2,PVPC,Pioneer Valley,Pioneer Valley: 4,PVTA,Not MBTA,NA,Developing Suburbs,DS: Country Suburbs
112,2501326675,Granville,013,Hampden,1,PVPC,Pioneer Valley,Pioneer Valley: 5,FRTA,Not MBTA,NA,Rural Towns,Rural Towns
113,2500326815,Great Barrington,003,Berkshire,1,BCRPC,Berkshire,Berkshire: Southwest,BRTA,Not MBTA,NA,Developing Suburbs,DS: Maturing New England Towns
114,2501127060,Greenfield,011,Franklin,2,FCPD,Franklin,Franklin: Greenfield,FRTA,Not MBTA,NA,Developing Suburbs,DS: Maturing New England Towns
115,2501727480,Groton,017,Middlesex,3,MRPC,Montachusett,Montachusett: 2,LRTA,Extended,Adjacent small town,Developing Suburbs,DS: Country Suburbs
116,2500927620,Groveland,009,Essex,4,MVPC,Merrimack Valley,Merrimack Valley: 3,MVRTA,Extended,Adjacent small town,Maturing Suburbs,MS: Established Suburbs and Cape Cod Towns
117,2501527690,Hadley,015,Hampshire,2,PVPC,Pioneer Valley,Pioneer Valley: 3,PVTA,Not MBTA,NA,Developing Suburbs,DS: Maturing New England Towns
118,2502327795,Halifax,023,Plymouth,5,OCPC,Old Colony,Old Colony: Lower Population,None (MBTA),Extended,Commuter Rail,Developing Suburbs,DS: Maturing New England Towns
119,2500927900,Hamilton,009,Essex,4,MAPC,Boston Region,Boston Region: NSTF,CATA,Core (51),Commuter Rail,Developing Suburbs,DS: Maturing New England Towns
120,2501328075,Hampden,013,Hampden,2,PVPC,Pioneer Valley,Pioneer Valley: 4,PVTA,Not MBTA,NA,Developing Suburbs,DS: Country Suburbs
121,2500328180,Hancock,003,Berkshire,1,BCRPC,Berkshire,Berkshire: North-Central,None,Not MBTA,NA,Rural Towns,Rural Towns
122,2502328285,Hanover,023,Plymouth,5,MAPC/OCPC,Old Colony,Old Colony: Lower Population,GATRA,Extended,Adjacent community,Developing Suburbs,DS: Maturing New England Towns
123,2502328495,Hanson,023,Plymouth,5,OCPC,Old Colony,Old Colony: Lower Population,BAT,Extended,Commuter Rail,Developing Suburbs,DS: Maturing New England Towns
124,2502728740,Hardwick,027,Worcester,2,CMRPC,Central Mass,Central Mass: West,MART,Not MBTA,NA,Rural Towns,Rural Towns
125,2502728950,Harvard,027,Worcester,3,MRPC,Montachusett,Montachusett: 3,MART,Extended,Adjacent small town,Developing Suburbs,DS: Country Suburbs
126,2500129020,Harwich,001,Barnstable,5,CCC,Cape Cod,Cape Cod: Lower Cape,CCRTA,Not MBTA,NA,Developing Suburbs,DS: Maturing New England Towns
127,2501529265,Hatfield,015,Hampshire,2,PVPC,Pioneer Valley,Pioneer Valley: 5,FRTA,Not MBTA,NA,Developing Suburbs,DS: Country Suburbs
128,2500929405,Haverhill,009,Essex,4,MVPC,Merrimack Valley,Merrimack Valley: Haverhill,MVRTA,Extended,Commuter Rail,Regional Urban Centers,RUC: Sub-RUC
129,2501129475,Hawley,011,Franklin,1,FCPD,Franklin,Franklin: West County,FRTA,Not MBTA,NA,Rural Towns,Rural Towns
130,2501129650,Heath,011,Franklin,1,FCPD,Franklin,Franklin: West County,FRTA,Not MBTA,NA,Rural Towns,Rural Towns
131,2502330210,Hingham,023,Plymouth,5,MAPC,Boston Region,Boston Region: SSC,None (MBTA),Core (51),Commuter Rail,Maturing Suburbs,MS: Established Suburbs and Cape Cod Towns
132,2500330315,Hinsdale,003,Berkshire,1,BCRPC,Berkshire,Berkshire: North-Central,BRTA,Not MBTA,NA,Rural Towns,Rural Towns
133,2502130455,Holbrook,021,Norfolk,5,MAPC,Boston Region,Boston Region: SSC,None (MBTA),Core (51),Commuter Rail,Maturing Suburbs,MS: Mature Suburban Towns
134,2502730560,Holden,027,Worcester,3,CMRPC,Central Mass,Central Mass: North,WRTA,Extended,Adjacent community,Developing Suburbs,DS: Maturing New England Towns
135,2501330665,Holland,013,Hampden,2,PVPC,Pioneer Valley,Pioneer Valley: 4,WRTA,Not MBTA,NA,Developing Suburbs,DS: Maturing New England Towns
136,2501730700,Holliston,017,Middlesex,3,MAPC,Boston Region,Boston Region: MWRC,MWRTA,Extended,Adjacent community,Developing Suburbs,DS: Maturing New England Towns
137,2501330840,Holyoke,013,Hampden,2,PVPC,Pioneer Valley,Pioneer Valley: 1,PVTA,Not MBTA,NA,Regional Urban Centers,RUC: Sub-RUC
138,2502730945,Hopedale,027,Worcester,3,CMRPC,Central Mass,Central Mass: Southeast,MWRTA,Not MBTA,NA,Developing Suburbs,DS: Maturing New England Towns
139,2501731085,Hopkinton,017,Middlesex,3,MAPC,Boston Region,Boston Region: SWAP,MWRTA,Extended,Adjacent community,Developing Suburbs,DS: Country Suburbs
140,2502731435,Hubbardston,027,Worcester,3,MRPC,Montachusett,Montachusett: 1,MART,Not MBTA,NA,Rural Towns,Rural Towns
141,2501731540,Hudson,017,Middlesex,3,MAPC,Boston Region,Boston Region: MAGIC,MWRTA,Not MBTA,NA,Developing Suburbs,DS: Maturing New England Towns
142,2502331645,Hull,023,Plymouth,5,MAPC,Boston Region,Boston Region: SSC,None (MBTA),Core (51),Adjacent community,Maturing Suburbs,MS: Mature Suburban Towns
143,2501531785,Huntington,015,Hampshire,1,PVPC,Pioneer Valley,Pioneer Valley: 5,FRTA,Not MBTA,NA,Rural Towns,Rural Towns
144,2500932310,Ipswich,009,Essex,4,MAPC,Boston Region,Boston Region: NSTF,CATA,Extended,Commuter Rail,Developing Suburbs,DS: Maturing New England Towns
145,2502333220,Kingston,023,Plymouth,5,OCPC,Old Colony,Old Colony: Lower Population,GATRA,Extended,Commuter Rail,Developing Suburbs,DS: Maturing New England Towns
146,2502333920,Lakeville,023,Plymouth,5,SRPEDD,Southeast Mass,Southeast Mass: Plymouth,GATRA,Extended,Adjacent small town,Developing Suburbs,DS: Maturing New England Towns
147,2502734165,Lancaster,027,Worcester,3,MRPC,Montachusett,Montachusett: 4,MART,Extended,Adjacent small town,Developing Suburbs,DS: Maturing New England Towns
148,2500334340,Lanesborough,003,Berkshire,1,BCRPC,Berkshire,Berkshire: North-Central,BRTA,Not MBTA,NA,Rural Towns,Rural Towns
149,2500934550,Lawrence,009,Essex,4,MVPC,Merrimack Valley,Merrimack Valley: Lawrence,MVRTA,Extended,Commuter Rail,Regional Urban Centers,RUC: Major RUC
150,2500334655,Lee,003,Berkshire,1,BCRPC,Berkshire,Berkshire: Southeast,BRTA,Not MBTA,NA,Developing Suburbs,DS: Maturing New England Towns
151,2502734795,Leicester,027,Worcester,3,CMRPC,Central Mass,Central Mass: West,WRTA,Extended,Adjacent small town,Developing Suburbs,DS: Maturing New England Towns
152,2500334970,Lenox,003,Berkshire,1,BCRPC,Berkshire,Berkshire: Southeast,BRTA,Not MBTA,NA,Developing Suburbs,DS: Maturing New England Towns
153,2502735075,Leominster,027,Worcester,3,MRPC,Montachusett,Montachusett: Leominster,MART,Extended,Commuter Rail,Regional Urban Centers,RUC: Sub-RUC
154,2501135180,Leverett,011,Franklin,2,FCPD,Franklin,Franklin: East County,PVTA,Not MBTA,NA,Rural Towns,Rural Towns
155,2501735215,Lexington,017,Middlesex,4,MAPC,Boston Region,Boston Region: MAGIC,None (MBTA),Core (51),Adjacent community,Maturing Suburbs,MS: Established Suburbs and Cape Cod Towns
156,2501135285,Leyden,011,Franklin,2,FCPD,Franklin,Franklin: Central County,FRTA,Not MBTA,NA,Rural Towns,Rural Towns
157,2501735425,Lincoln,017,Middlesex,4,MAPC,Boston Region,Boston Region: MAGIC,None (MBTA),Core (51),Commuter Rail,Maturing Suburbs,MS: Established Suburbs and Cape Cod Towns
158,2501735950,Littleton,017,Middlesex,3,MAPC,Boston Region,Boston Region: MAGIC,MART,Extended,Commuter Rail,Developing Suburbs,DS: Maturing New England Towns
159,2501336300,Longmeadow,013,Hampden,2,PVPC,Pioneer Valley,Pioneer Valley: 4,PVTA,Not MBTA,NA,Maturing Suburbs,MS: Mature Suburban Towns
160,2501737000,Lowell,017,Middlesex,4,NMCOG,Northern Middlesex,Northern Middlesex: No Subregion,LRTA,Extended,Commuter Rail,Regional Urban Centers,RUC: Major RUC
161,2501337175,Ludlow,013,Hampden,2,PVPC,Pioneer Valley,Pioneer Valley: 4,PVTA,Not MBTA,NA,Developing Suburbs,DS: Maturing New England Towns
162,2502737420,Lunenburg,027,Worcester,3,MRPC,Montachusett,Montachusett: 3,MART,Extended,Adjacent small town,Developing Suburbs,DS: Country Suburbs
163,2500937490,Lynn,009,Essex,4,MAPC,Boston Region,Boston Region: ICC,None (MBTA),Core (51),Commuter Rail,Regional Urban Centers,RUC: Sub-RUC
164,2500937560,Lynnfield,009,Essex,4,MAPC,Boston Region,Boston Region: NSPC,None (MBTA),Core (51),Adjacent community,Maturing Suburbs,MS: Established Suburbs and Cape Cod Towns
165,2501737875,Malden,017,Middlesex,4,MAPC,Boston Region,Boston Region: ICC,None (MBTA),Core (14),Rapid Transit,Inner Core,IC: Metro Core Communities
166,2500937995,Manchester-by-the-Sea,009,Essex,4,MAPC,Boston Region,Boston Region: NSTF,None (MBTA),Core (51),Commuter Rail,Developing Suburbs,DS: Maturing New England Towns
167,2500538225,Mansfield,005,Bristol,5,SRPEDD,Southeast Mass,Southeast Mass: Bristol,GATRA,Extended,Commuter Rail,Maturing Suburbs,MS: Established Suburbs and Cape Cod Towns
168,2500938400,Marblehead,009,Essex,4,MAPC,Boston Region,Boston Region: NSTF,None (MBTA),Core (51),Adjacent community,Maturing Suburbs,MS: Mature Suburban Towns
169,2502338540,Marion,023,Plymouth,5,SRPEDD,Southeast Mass,Southeast Mass: Plymouth,None,Not MBTA,NA,Developing Suburbs,DS: Maturing New England Towns
170,2501738715,Marlborough,017,Middlesex,3,MAPC,Boston Region,Boston Region: MWRC,MWRTA,Extended,Adjacent community,Regional Urban Centers,RUC: Sub-RUC
171,2502338855,Marshfield,023,Plymouth,5,MAPC,Boston Region,Boston Region: SSC,GATRA,Extended,Adjacent community,Maturing Suburbs,MS: Established Suburbs and Cape Cod Towns
172,2500139100,Mashpee,001,Barnstable,5,CCC,Cape Cod,Cape Cod: Upper Cape,CCRTA,Not MBTA,NA,Maturing Suburbs,MS: Established Suburbs and Cape Cod Towns
173,2502339450,Mattapoisett,023,Plymouth,5,SRPEDD,Southeast Mass,Southeast Mass: Plymouth,SRTA,Not MBTA,NA,Developing Suburbs,DS: Maturing New England Towns
174,2501739625,Maynard,017,Middlesex,3,MAPC,Boston Region,Boston Region: MAGIC,LRTA,Extended,Adjacent community,Maturing Suburbs,MS: Mature Suburban Towns
175,2502139765,Medfield,021,Norfolk,3,MAPC,Boston Region,Boston Region: TRIC,None (MBTA),Core (51),Adjacent community,Maturing Suburbs,MS: Established Suburbs and Cape Cod Towns
176,2501739835,Medford,017,Middlesex,4,MAPC,Boston Region,Boston Region: ICC,None (MBTA),Core (14),Rapid Transit,Inner Core,IC: Streetcar Suburbs
177,2502139975,Medway,021,Norfolk,3,MAPC,Boston Region,Boston Region: SWAP,GATRA,Extended,Adjacent community,Developing Suburbs,DS: Maturing New England Towns
178,2501740115,Melrose,017,Middlesex,4,MAPC,Boston Region,Boston Region: ICC,None (MBTA),Core (51),Commuter Rail,Inner Core,IC: Streetcar Suburbs
179,2502740255,Mendon,027,Worcester,3,CMRPC,Central Mass,Central Mass: Southeast,None,Not MBTA,NA,Developing Suburbs,DS: Country Suburbs
180,2500940430,Merrimac,009,Essex,4,MVPC,Merrimack Valley,Merrimack Valley: 3,MVRTA,Extended,Adjacent small town,Developing Suburbs,DS: Maturing New England Towns
181,2500940710,Methuen,009,Essex,4,MVPC,Merrimack Valley,Merrimack Valley: 4,MVRTA,Extended,Adjacent community,Regional Urban Centers,RUC: Sub-RUC
182,2502340850,Middleborough,023,Plymouth,5,SRPEDD,Southeast Mass,Southeast Mass: Plymouth,GATRA,Extended,Commuter Rail,Developing Suburbs,DS: Country Suburbs
183,2501540990,Middlefield,015,Hampshire,1,PVPC,Pioneer Valley,Pioneer Valley: 5,FRTA,Not MBTA,NA,Rural Towns,Rural Towns
184,2500941095,Middleton,009,Essex,4,MAPC,Boston Region,Boston Region: NSTF,None (MBTA),Core (51),Adjacent community,Developing Suburbs,DS: Maturing New England Towns
185,2502741165,Milford,027,Worcester,3,MAPC,Boston Region,Boston Region: SWAP,MWRTA,Not MBTA,NA,Regional Urban Centers,RUC: Sub-RUC
186,2502741340,Millbury,027,Worcester,3,CMRPC,Central Mass,Central Mass: Southeast,WRTA,Extended,Adjacent community,Developing Suburbs,DS: Maturing New England Towns
187,2502141515,Millis,021,Norfolk,3,MAPC,Boston Region,Boston Region: SWAP,None (MBTA),Extended,Adjacent community,Developing Suburbs,DS: Maturing New England Towns
188,2502741585,Millville,027,Worcester,3,CMRPC,Central Mass,Central Mass: Southeast,None,Not MBTA,NA,Developing Suburbs,DS: Country Suburbs
189,2502141690,Milton,021,Norfolk,6,MAPC,Boston Region,Boston Region: ICC/TRIC,None (MBTA),Core (14),Rapid Transit,Maturing Suburbs,MS: Established Suburbs and Cape Cod Towns
190,2501142040,Monroe,011,Franklin,1,FCPD,Franklin,Franklin: West County,None,Not MBTA,NA,Rural Towns,Rural Towns
191,2501342145,Monson,013,Hampden,2,PVPC,Pioneer Valley,Pioneer Valley: 4,None,Not MBTA,NA,Developing Suburbs,DS: Country Suburbs
192,2501142285,Montague,011,Franklin,2,FCPD,Franklin,Franklin: Central County,FRTA,Not MBTA,NA,Developing Suburbs,DS: Maturing New England Towns
193,2500342460,Monterey,003,Berkshire,1,BCRPC,Berkshire,Berkshire: Southeast,BRTA,Not MBTA,NA,Rural Towns,Rural Towns
194,2501342530,Montgomery,013,Hampden,1,PVPC,Pioneer Valley,Pioneer Valley: 5,FRTA,Not MBTA,NA,Rural Towns,Rural Towns
195,2500343300,Mount Washington,003,Berkshire,1,BCRPC,Berkshire,Berkshire: Southwest,BRTA,Not MBTA,NA,Rural Towns,Rural Towns
196,2500943580,Nahant,009,Essex,4,MAPC,Boston Region,Boston Region: NSTF,None (MBTA),Core (51),Adjacent small town,Maturing Suburbs,MS: Mature Suburban Towns
197,2501943790,Nantucket,019,Nantucket,5,NPEDC,Nantucket,Nantucket: Nantucket,NRTA,Not MBTA,NA,Developing Suburbs,DS: Maturing New England Towns
198,2501743895,Natick,017,Middlesex,3,MAPC,Boston Region,Boston Region: MWRC,MWRTA,Core (51),Commuter Rail,Maturing Suburbs,MS: Mature Suburban Towns
199,2502144105,Needham,021,Norfolk,6,MAPC,Boston Region,Boston Region: ICC/TRIC,None (MBTA),Core (51),Commuter Rail,Maturing Suburbs,MS: Mature Suburban Towns
200,2500344385,New Ashford,003,Berkshire,1,BCRPC,Berkshire,Berkshire: North,BRTA,Not MBTA,NA,Rural Towns,Rural Towns
201,2500545000,New Bedford,005,Bristol,5,SRPEDD,Southeast Mass,Southeast Mass: New Bedford,SRTA,Extended (2022),Commuter Rail,Regional Urban Centers,RUC: Major RUC
202,2502745105,New Braintree,027,Worcester,2,CMRPC,Central Mass,Central Mass: West,WRTA,Not MBTA,NA,Rural Towns,Rural Towns
203,2500345420,New Marlborough,003,Berkshire,1,BCRPC,Berkshire,Berkshire: Southeast,None,Not MBTA,NA,Rural Towns,Rural Towns
204,2501145490,New Salem,011,Franklin,2,FCPD,Franklin,Franklin: East County,FRTA,Not MBTA,NA,Rural Towns,Rural Towns
205,2500945175,Newbury,009,Essex,4,MVPC,Merrimack Valley,Merrimack Valley: 2,MVRTA,Extended,Adjacent small town,Developing Suburbs,DS: Country Suburbs
206,2500945245,Newburyport,009,Essex,4,MVPC,Merrimack Valley,Merrimack Valley: 1,MVRTA,Extended,Commuter Rail,Regional Urban Centers,RUC: Sub-RUC
207,2501745560,Newton,017,Middlesex,6,MAPC,Boston Region,Boston Region: ICC,None (MBTA),Core (14),Rapid Transit,Inner Core,IC: Streetcar Suburbs
208,2502146050,Norfolk,021,Norfolk,5,MAPC,Boston Region,Boston Region: SWAP,GATRA,Core (51),Commuter Rail,Developing Suburbs,DS: Maturing New England Towns
209,2500346225,North Adams,003,Berkshire,1,BCRPC,Berkshire,Berkshire: North Adams,BRTA,Not MBTA,NA,Regional Urban Centers,RUC: Sub-RUC
210,2500946365,North Andover,009,Essex,4,MVPC,Merrimack Valley,Merrimack Valley: 4,MVRTA,Extended,Adjacent community,Developing Suburbs,DS: Maturing New England Towns
211,2500546598,North Attleborough,005,Bristol,5,SRPEDD,Southeast Mass,Southeast Mass: Bristol,GATRA,Extended,Adjacent community,Developing Suburbs,DS: Maturing New England Towns
212,2502747135,North Brookfield,027,Worcester,3,CMRPC,Central Mass,Central Mass: West,WRTA,Not MBTA,NA,Developing Suburbs,DS: Maturing New England Towns
213,2501748955,North Reading,017,Middlesex,4,MAPC,Boston Region,Boston Region: NSPC,MVRTA,Extended,Adjacent community,Maturing Suburbs,MS: Established Suburbs and Cape Cod Towns
214,2501546330,Northampton,015,Hampshire,2,PVPC,Pioneer Valley,Pioneer Valley: 3,PVTA,Not MBTA,NA,Regional Urban Centers,RUC: Sub-RUC
215,2502746820,Northborough,027,Worcester,3,CMRPC,Central Mass,Central Mass: Northeast,WRTA,Extended,Adjacent community,Developing Suburbs,DS: Maturing New England Towns
216,2502746925,Northbridge,027,Worcester,3,CMRPC,Central Mass,Central Mass: Southeast,WRTA,Extended,Adjacent community,Developing Suburbs,DS: Maturing New England Towns
217,2501147835,Northfield,011,Franklin,2,FCPD,Franklin,Franklin: East County,FRTA,Not MBTA,NA,Rural Towns,Rural Towns
218,2500549970,Norton,005,Bristol,5,SRPEDD,Southeast Mass,Southeast Mass: Bristol,GATRA,Extended,Adjacent community,Developing Suburbs,DS: Maturing New England Towns
219,2502350145,Norwell,023,Plymouth,5,MAPC,Boston Region,Boston Region: SSC,None (MBTA),Extended,Adjacent community,Developing Suburbs,DS: Country Suburbs
220,2502150250,Norwood,021,Norfolk,5,MAPC,Boston Region,Boston Region: TRIC,None (MBTA),Core (51),Commuter Rail,Regional Urban Centers,RUC: Sub-RUC
221,2500750390,Oak Bluffs,007,Dukes,5,MVC,Martha's Vineyard,Martha's Vineyard: MV,VTA,Not MBTA,NA,Developing Suburbs,DS: Maturing New England Towns
222,2502750670,Oakham,027,Worcester,3,CMRPC,Central Mass,Central Mass: North,WRTA,Not MBTA,NA,Rural Towns,Rural Towns
223,2501151265,Orange,011,Franklin,2,FCPD,Franklin,Franklin: East County,FRTA,Not MBTA,NA,Developing Suburbs,DS: Maturing New England Towns
224,2500151440,Orleans,001,Barnstable,5,CCC,Cape Cod,Cape Cod: Lower Cape,CCRTA,Not MBTA,NA,Maturing Suburbs,MS: Established Suburbs and Cape Cod Towns
225,2500351580,Otis,003,Berkshire,1,BCRPC,Berkshire,Berkshire: Southeast,BRTA,Not MBTA,NA,Rural Towns,Rural Towns
226,2502751825,Oxford,027,Worcester,3,CMRPC,Central Mass,Central Mass: Southwest,WRTA,Not MBTA,NA,Developing Suburbs,DS: Maturing New England Towns
227,2501352144,Palmer,013,Hampden,2,PVPC,Pioneer Valley,Pioneer Valley: 4,PVTA,Not MBTA,NA,Developing Suburbs,DS: Maturing New England Towns
228,2502752420,Paxton,027,Worcester,3,CMRPC,Central Mass,Central Mass: North,WRTA,Extended,Adjacent small town,Developing Suburbs,DS: Country Suburbs
229,2500952490,Peabody,009,Essex,4,MAPC,Boston Region,Boston Region: NSTF,None (MBTA),Core (51),Adjacent community,Regional Urban Centers,RUC: Sub-RUC
230,2501552560,Pelham,015,Hampshire,2,PVPC,Pioneer Valley,Pioneer Valley: 4,PVTA,Not MBTA,NA,Rural Towns,Rural Towns
231,2502352630,Pembroke,023,Plymouth,5,MAPC/OCPC,Old Colony,Old Colony: Higher Population,GATRA,Extended,Adjacent community,Maturing Suburbs,MS: Established Suburbs and Cape Cod Towns
232,2501752805,Pepperell,017,Middlesex,3,NMCOG,Northern Middlesex,Northern Middlesex: No Subregion,LRTA,Not MBTA,NA,Developing Suburbs,DS: Country Suburbs
233,2500353050,Peru,003,Berkshire,1,BCRPC,Berkshire,Berkshire: North-Central,BRTA,Not MBTA,NA,Rural Towns,Rural Towns
234,2502753120,Petersham,027,Worcester,2,MRPC,Montachusett,Montachusett: 1,FRTA,Not MBTA,NA,Rural Towns,Rural Towns
235,2502753225,Phillipston,027,Worcester,2,MRPC,Montachusett,Montachusett: 1,FRTA/MART,Not MBTA,NA,Rural Towns,Rural Towns
236,2500353960,Pittsfield,003,Berkshire,1,BCRPC,Berkshire,Berkshire: Pittsfield,BRTA,Not MBTA,NA,Regional Urban Centers,RUC: Sub-RUC
237,2501554030,Plainfield,015,Hampshire,1,PVPC,Pioneer Valley,Pioneer Valley: 5,FRTA,Not MBTA,NA,Rural Towns,Rural Towns
238,2502154100,Plainville,021,Norfolk,5,SRPEDD,Southeast Mass,Southeast Mass: Norfolk,GATRA,Not MBTA,NA,Developing Suburbs,DS: Maturing New England Towns
239,2502354310,Plymouth,023,Plymouth,5,OCPC,Old Colony,Old Colony: Plymouth,GATRA,Extended,Adjacent community,Developing Suburbs,DS: Maturing New England Towns
240,2502354415,Plympton,023,Plymouth,5,OCPC,Old Colony,Old Colony: Lower Population,None (MBTA),Extended,Adjacent small town,Developing Suburbs,DS: Country Suburbs
241,2502755395,Princeton,027,Worcester,3,CMRPC,Central Mass,Central Mass: North,WRTA,Extended,Adjacent small town,Rural Towns,Rural Towns
242,2500155500,Provincetown,001,Barnstable,5,CCC,Cape Cod,Cape Cod: Outer Cape,CCRTA,Not MBTA,NA,Regional Urban Centers,RUC: Sub-RUC
243,2502155745,Quincy,021,Norfolk,6,MAPC,Boston Region,Boston Region: ICC,None (MBTA),Core (51),Rapid Transit,Regional Urban Centers,RUC: Sub-RUC
244,2502156000,Randolph,021,Norfolk,6,MAPC,Boston Region,Boston Region: TRIC,None (MBTA),Core (51),Commuter Rail,Maturing Suburbs,MS: Mature Suburban Towns
245,2500556060,Raynham,005,Bristol,5,SRPEDD,Southeast Mass,Southeast Mass: Bristol,GATRA,Extended,Adjacent community,Developing Suburbs,DS: Maturing New England Towns
246,2501756130,Reading,017,Middlesex,4,MAPC,Boston Region,Boston Region: NSPC,None (MBTA),Core (51),Commuter Rail,Maturing Suburbs,MS: Mature Suburban Towns
247,2500556375,Rehoboth,005,Bristol,5,SRPEDD,Southeast Mass,Southeast Mass: Bristol,GATRA,Extended,Adjacent small town,Developing Suburbs,DS: Country Suburbs
248,2502556585,Revere,025,Suffolk,4,MAPC,Boston Region,Boston Region: ICC,None (MBTA),Core (14),Rapid Transit,Inner Core,IC: Metro Core Communities
249,2500356795,Richmond,003,Berkshire,1,BCRPC,Berkshire,Berkshire: Southwest,BRTA,Not MBTA,NA,Rural Towns,Rural Towns
250,2502357600,Rochester,023,Plymouth,5,SRPEDD,Southeast Mass,Southeast Mass: Plymouth,None (MBTA),Extended,Adjacent small town,Developing Suburbs,DS: Country Suburbs
251,2502357775,Rockland,023,Plymouth,5,MAPC,Boston Region,Boston Region: SSC,BAT,Extended,Adjacent community,Developing Suburbs,DS: Maturing New England Towns
252,2500957880,Rockport,009,Essex,4,MAPC,Boston Region,Boston Region: NSTF,CATA,Extended,Commuter Rail,Developing Suburbs,DS: Maturing New England Towns
253,2501158335,Rowe,011,Franklin,1,FCPD,Franklin,Franklin: West County,FRTA,Not MBTA,NA,Rural Towns,Rural Towns
254,2500958405,Rowley,009,Essex,4,MVPC,Merrimack Valley,Merrimack Valley: 2,MVRTA,Extended,Commuter Rail,Developing Suburbs,DS: Country Suburbs
255,2502758580,Royalston,027,Worcester,2,MRPC,Montachusett,Montachusett: 1,MART,Not MBTA,NA,Rural Towns,Rural Towns
256,2501358650,Russell,013,Hampden,1,PVPC,Pioneer Valley,Pioneer Valley: 5,FRTA,Not MBTA,NA,Rural Towns,Rural Towns
257,2502758825,Rutland,027,Worcester,3,CMRPC,Central Mass,Central Mass: North,WRTA,Not MBTA,NA,Developing Suburbs,DS: Maturing New England Towns
258,2500959105,Salem,009,Essex,4,MAPC,Boston Region,Boston Region: NSTF,None (MBTA),Core (51),Commuter Rail,Regional Urban Centers,RUC: Sub-RUC
259,2500959245,Salisbury,009,Essex,4,MVPC,Merrimack Valley,Merrimack Valley: 1,MVRTA,Extended,Adjacent community,Developing Suburbs,DS: Maturing New England Towns
260,2500359665,Sandisfield,003,Berkshire,1,BCRPC,Berkshire,Berkshire: Southeast,None,Not MBTA,NA,Rural Towns,Rural Towns
261,2500159735,Sandwich,001,Barnstable,5,CCC,Cape Cod,Cape Cod: Upper Cape,CCRTA,Not MBTA,NA,Maturing Suburbs,MS: Established Suburbs and Cape Cod Towns
262,2500960015,Saugus,009,Essex,4,MAPC,Boston Region,Boston Region: ICC,None (MBTA),Core (51),Adjacent community,Maturing Suburbs,MS: Mature Suburban Towns
263,2500360225,Savoy,003,Berkshire,1,BCRPC,Berkshire,Berkshire: North,BRTA,Not MBTA,NA,Rural Towns,Rural Towns
264,2502360330,Scituate,023,Plymouth,5,MAPC,Boston Region,Boston Region: SSC,GATRA,Extended,Commuter Rail,Maturing Suburbs,MS: Established Suburbs and Cape Cod Towns
265,2500560645,Seekonk,005,Bristol,5,SRPEDD,Southeast Mass,Southeast Mass: Bristol,GATRA,Extended,Adjacent community,Developing Suburbs,DS: Maturing New England Towns
266,2502160785,Sharon,021,Norfolk,5,MAPC,Boston Region,Boston Region: TRIC,None (MBTA),Core (51),Commuter Rail,Maturing Suburbs,MS: Established Suburbs and Cape Cod Towns
267,2500361065,Sheffield,003,Berkshire,1,BCRPC,Berkshire,Berkshire: Southwest,BRTA,Not MBTA,NA,Rural Towns,Rural Towns
268,2501161135,Shelburne,011,Franklin,1,FCPD,Franklin,Franklin: West County,FRTA,Not MBTA,NA,Rural Towns,Rural Towns
269,2501761380,Sherborn,017,Middlesex,3,MAPC,Boston Region,Boston Region: SWAP,MWRTA,Extended,Adjacent small town,Developing Suburbs,DS: Country Suburbs
270,2501761590,Shirley,017,Middlesex,3,MRPC,Montachusett,Montachusett: 3,MART,Extended,Commuter Rail,Developing Suburbs,DS: Maturing New England Towns
271,2502761800,Shrewsbury,027,Worcester,3,CMRPC,Central Mass,Central Mass: Northeast,WRTA,Extended,Adjacent community,Developing Suburbs,DS: Maturing New England Towns
272,2501161905,Shutesbury,011,Franklin,2,FCPD,Franklin,Franklin: East County,FRTA,Not MBTA,NA,Rural Towns,Rural Towns
273,2500562430,Somerset,005,Bristol,5,SRPEDD,Southeast Mass,Southeast Mass: Bristol,SRTA,Not MBTA,NA,Regional Urban Centers,RUC: Sub-RUC
274,2501762535,Somerville,017,Middlesex,4,MAPC,Boston Region,Boston Region: ICC,None (MBTA),Core (14),Rapid Transit,Inner Core,IC: Metro Core Communities
275,2501564145,South Hadley,015,Hampshire,2,PVPC,Pioneer Valley,Pioneer Valley: 3,PVTA,Not MBTA,NA,Developing Suburbs,DS: Maturing New England Towns
276,2501562745,Southampton,015,Hampshire,2,PVPC,Pioneer Valley,Pioneer Valley: 5,FRTA,Not MBTA,NA,Developing Suburbs,DS: Country Suburbs
277,2502763165,Southborough,027,Worcester,3,MAPC,Boston Region,Boston Region: MWRC,MWRTA,Extended,Commuter Rail,Maturing Suburbs,MS: Established Suburbs and Cape Cod Towns
278,2502763345,Southbridge,027,Worcester,3,CMRPC,Central Mass,Central Mass: Southwest,WRTA,Not MBTA,NA,Regional Urban Centers,RUC: Sub-RUC
279,2501365825,Southwick,013,Hampden,2,PVPC,Pioneer Valley,Pioneer Valley: 2,FRTA,Not MBTA,NA,Developing Suburbs,DS: Country Suburbs
280,2502766105,Spencer,027,Worcester,3,CMRPC,Central Mass,Central Mass: West,WRTA,Not MBTA,NA,Developing Suburbs,DS: Maturing New England Towns
281,2501367000,Springfield,013,Hampden,2,PVPC,Pioneer Valley,Pioneer Valley: 1,PVTA,Not MBTA,NA,Regional Urban Centers,RUC: Major RUC
282,2502767385,Sterling,027,Worcester,3,MRPC,Montachusett,Montachusett: 4,MART,Extended,Adjacent small town,Developing Suburbs,DS: Country Suburbs
283,2500367595,Stockbridge,003,Berkshire,1,BCRPC,Berkshire,Berkshire: Southwest,BRTA,Not MBTA,NA,Rural Towns,Rural Towns
284,2501767665,Stoneham,017,Middlesex,4,MAPC,Boston Region,Boston Region: NSPC,None (MBTA),Core (51),Adjacent community,Maturing Suburbs,MS: Mature Suburban Towns
285,2502167945,Stoughton,021,Norfolk,5,MAPC/OCPC,Old Colony,Old Colony: Higher Population,BAT,Extended,Commuter Rail,Maturing Suburbs,MS: Mature Suburban Towns
286,2501768050,Stow,017,Middlesex,3,MAPC,Boston Region,Boston Region: MAGIC,MART,Extended,Adjacent small town,Developing Suburbs,DS: Country Suburbs
287,2502768155,Sturbridge,027,Worcester,3,CMRPC,Central Mass,Central Mass: Southwest,WRTA,Not MBTA,NA,Developing Suburbs,DS: Maturing New England Towns
288,2501768260,Sudbury,017,Middlesex,3,MAPC,Boston Region,Boston Region: MAGIC,MWRTA,Extended,Adjacent community,Maturing Suburbs,MS: Established Suburbs and Cape Cod Towns
289,2501168400,Sunderland,011,Franklin,2,FCPD,Franklin,Franklin: Central County,PVTA,Not MBTA,NA,Developing Suburbs,DS: Maturing New England Towns
290,2502768610,Sutton,027,Worcester,3,CMRPC,Central Mass,Central Mass: Southeast,WRTA,Extended,Adjacent small town,Developing Suburbs,DS: Country Suburbs
291,2500968645,Swampscott,009,Essex,4,MAPC,Boston Region,Boston Region: NSTF,None (MBTA),Core (51),Commuter Rail,Maturing Suburbs,MS: Mature Suburban Towns
292,2500568750,Swansea,005,Bristol,5,SRPEDD,Southeast Mass,Southeast Mass: Bristol,SRTA,Not MBTA,NA,Developing Suburbs,DS: Maturing New England Towns
293,2500569170,Taunton,005,Bristol,5,SRPEDD,Southeast Mass,Southeast Mass: Taunton,GATRA,Extended,Commuter Rail,Regional Urban Centers,RUC: Sub-RUC
294,2502769275,Templeton,027,Worcester,2,MRPC,Montachusett,Montachusett: 1,MART,Not MBTA,NA,Developing Suburbs,DS: Country Suburbs
295,2501769415,Tewksbury,017,Middlesex,4,NMCOG,Northern Middlesex,Northern Middlesex: No Subregion,LRTA,Extended,Adjacent community,Maturing Suburbs,MS: Established Suburbs and Cape Cod Towns
296,2500769940,Tisbury,007,Dukes,5,MVC,Martha's Vineyard,Martha's Vineyard: MV,VTA,Not MBTA,NA,Developing Suburbs,DS: Maturing New England Towns
297,2501370045,Tolland,013,Hampden,1,PVPC,Pioneer Valley,Pioneer Valley: 5,None,Not MBTA,NA,Rural Towns,Rural Towns
298,2500970150,Topsfield,009,Essex,4,MAPC,Boston Region,Boston Region: NSTF,None (MBTA),Core (51),Adjacent small town,Developing Suburbs,DS: Country Suburbs
299,2501770360,Townsend,017,Middlesex,3,MRPC,Montachusett,Montachusett: 2,LRTA,Extended,Adjacent small town,Developing Suburbs,DS: Maturing New England Towns
300,2500170605,Truro,001,Barnstable,5,CCC,Cape Cod,Cape Cod: Outer Cape,CCRTA,Not MBTA,NA,Rural Towns,Rural Towns
301,2501771025,Tyngsborough,017,Middlesex,4,NMCOG,Northern Middlesex,Northern Middlesex: No Subregion,LRTA,Extended,Adjacent community,Developing Suburbs,DS: Country Suburbs
302,2500371095,Tyringham,003,Berkshire,1,BCRPC,Berkshire,Berkshire: Southeast,None,Not MBTA,NA,Rural Towns,Rural Towns
303,2502771480,Upton,027,Worcester,3,CMRPC,Central Mass,Central Mass: Southeast,None (MBTA),Extended,Adjacent small town,Developing Suburbs,DS: Country Suburbs
304,2502771620,Uxbridge,027,Worcester,3,CMRPC,Central Mass,Central Mass: Southeast,None,Not MBTA,NA,Developing Suburbs,DS: Country Suburbs
305,2501772215,Wakefield,017,Middlesex,4,MAPC,Boston Region,Boston Region: NSPC,None (MBTA),Core (51),Commuter Rail,Maturing Suburbs,MS: Mature Suburban Towns
306,2501372390,Wales,013,Hampden,2,PVPC,Pioneer Valley,Pioneer Valley: 4,WRTA,Not MBTA,NA,Rural Towns,Rural Towns
307,2502172495,Walpole,021,Norfolk,5,MAPC,Boston Region,Boston Region: TRIC,None (MBTA),Core (51),Commuter Rail,Developing Suburbs,DS: Maturing New England Towns
308,2501772600,Waltham,017,Middlesex,4,MAPC,Boston Region,Boston Region: ICC,None (MBTA),Core (51),Commuter Rail,Inner Core,IC: Streetcar Suburbs
309,2501572880,Ware,015,Hampshire,2,PVPC,Pioneer Valley,Pioneer Valley: 4,PVTA,Not MBTA,NA,Developing Suburbs,DS: Maturing New England Towns
310,2502372985,Wareham,023,Plymouth,5,SRPEDD,Southeast Mass,Southeast Mass: Plymouth,GATRA,Extended,Adjacent community,Developing Suburbs,DS: Maturing New England Towns
311,2502773090,Warren,027,Worcester,2,CMRPC,Central Mass,Central Mass: West,WRTA,Not MBTA,NA,Developing Suburbs,DS: Country Suburbs
312,2501173265,Warwick,011,Franklin,2,FCPD,Franklin,Franklin: East County,FRTA,Not MBTA,NA,Rural Towns,Rural Towns
313,2500373335,Washington,003,Berkshire,1,BCRPC,Berkshire,Berkshire: Southeast,BRTA,Not MBTA,NA,Rural Towns,Rural Towns
314,2501773440,Watertown,017,Middlesex,6,MAPC,Boston Region,Boston Region: ICC,None (MBTA),Core (14),Adjacent community,Inner Core,IC: Streetcar Suburbs
315,2501773790,Wayland,017,Middlesex,3,MAPC,Boston Region,Boston Region: MWRC,MWRTA,Extended,Adjacent community,Maturing Suburbs,MS: Established Suburbs and Cape Cod Towns
316,2502773895,Webster,027,Worcester,3,CMRPC,Central Mass,Central Mass: Southwest,WRTA,Not MBTA,NA,Regional Urban Centers,RUC: Sub-RUC
317,2502174175,Wellesley,021,Norfolk,6,MAPC,Boston Region,Boston Region: MWRC,MWRTA,Core (51),Commuter Rail,Maturing Suburbs,MS: Established Suburbs and Cape Cod Towns
318,2500174385,Wellfleet,001,Barnstable,5,CCC,Cape Cod,Cape Cod: Outer Cape,CCRTA,Not MBTA,NA,Maturing Suburbs,MS: Established Suburbs and Cape Cod Towns
319,2501174525,Wendell,011,Franklin,2,FCPD,Franklin,Franklin: East County,FRTA,Not MBTA,NA,Rural Towns,Rural Towns
320,2500974595,Wenham,009,Essex,4,MAPC,Boston Region,Boston Region: NSTF,None (MBTA),Core (51),Commuter Rail,Developing Suburbs,DS: Maturing New England Towns
321,2502775155,West Boylston,027,Worcester,3,CMRPC,Central Mass,Central Mass: North,WRTA,Extended,Adjacent community,Developing Suburbs,DS: Maturing New England Towns
322,2502375260,West Bridgewater,023,Plymouth,5,OCPC,Old Colony,Old Colony: Lower Population,BAT,Extended,Adjacent small town,Developing Suburbs,DS: Maturing New England Towns
323,2502775400,West Brookfield,027,Worcester,2,CMRPC,Central Mass,Central Mass: West,WRTA,Not MBTA,NA,Developing Suburbs,DS: Country Suburbs
324,2500977150,West Newbury,009,Essex,4,MVPC,Merrimack Valley,Merrimack Valley: 2,MVRTA,Extended,Adjacent small town,Developing Suburbs,DS: Country Suburbs
325,2501377890,West Springfield,013,Hampden,2,PVPC,Pioneer Valley,Pioneer Valley: 2,PVTA,Not MBTA,NA,Regional Urban Centers,RUC: Sub-RUC
326,2500377990,West Stockbridge,003,Berkshire,1,BCRPC,Berkshire,Berkshire: Southwest,None,Not MBTA,NA,Rural Towns,Rural Towns
327,2500778235,West Tisbury,007,Dukes,5,MVC,Martha's Vineyard,Martha's Vineyard: MV,VTA,Not MBTA,NA,Rural Towns,Rural Towns
328,2502775015,Westborough,027,Worcester,3,CMRPC,Central Mass,Central Mass: Northeast,WRTA,Extended,Commuter Rail,Developing Suburbs,DS: Maturing New England Towns
329,2501376030,Westfield,013,Hampden,2,PVPC,Pioneer Valley,Pioneer Valley: 2,PVTA,Not MBTA,NA,Regional Urban Centers,RUC: Sub-RUC
330,2501776135,Westford,017,Middlesex,3,NMCOG,Northern Middlesex,Northern Middlesex: No Subregion,LRTA,Extended,Adjacent community,Developing Suburbs,DS: Country Suburbs
331,2501576380,Westhampton,015,Hampshire,2,PVPC,Pioneer Valley,Pioneer Valley: 5,FRTA,Not MBTA,NA,Rural Towns,Rural Towns
332,2502777010,Westminster,027,Worcester,3,MRPC,Montachusett,Montachusett: 2,MART,Extended,Adjacent small town,Developing Suburbs,DS: Country Suburbs
333,2501777255,Weston,017,Middlesex,6,MAPC,Boston Region,Boston Region: MWRC,MWRTA,Core (51),Commuter Rail,Maturing Suburbs,MS: Established Suburbs and Cape Cod Towns
334,2500577570,Westport,005,Bristol,5,SRPEDD,Southeast Mass,Southeast Mass: Bristol,SRTA,Not MBTA,NA,Developing Suburbs,DS: Maturing New England Towns
335,2502178690,Westwood,021,Norfolk,6,MAPC,Boston Region,Boston Region: TRIC,None (MBTA),Core (51),Commuter Rail,Maturing Suburbs,MS: Established Suburbs and Cape Cod Towns
336,2502178972,Weymouth,021,Norfolk,6,MAPC,Boston Region,Boston Region: SSC,None (MBTA),Core (51),Commuter Rail,Maturing Suburbs,MS: Mature Suburban Towns
337,2501179110,Whately,011,Franklin,2,FCPD,Franklin,Franklin: Central County,FRTA,Not MBTA,NA,Rural Towns,Rural Towns
338,2502379530,Whitman,023,Plymouth,5,OCPC,Old Colony,Old Colony: Higher Population,BAT,Extended,Commuter Rail,Developing Suburbs,DS: Maturing New England Towns
339,2501379740,Wilbraham,013,Hampden,2,PVPC,Pioneer Valley,Pioneer Valley: 4,PVTA,Not MBTA,NA,Developing Suburbs,DS: Maturing New England Towns
340,2501579915,Williamsburg,015,Hampshire,1,PVPC,Pioneer Valley,Pioneer Valley: 5,PVTA,Not MBTA,NA,Rural Towns,Rural Towns
341,2500379985,Williamstown,003,Berkshire,1,BCRPC,Berkshire,Berkshire: North,BRTA,Not MBTA,NA,Developing Suburbs,DS: Maturing New England Towns
342,2501780230,Wilmington,017,Middlesex,4,MAPC,Boston Region,Boston Region: NSPC,None (MBTA),Core (51),Commuter Rail,Maturing Suburbs,MS: Established Suburbs and Cape Cod Towns
343,2502780405,Winchendon,027,Worcester,2,MRPC,Montachusett,Montachusett: 1,MART,Not MBTA,NA,Developing Suburbs,DS: Country Suburbs
344,2501780510,Winchester,017,Middlesex,4,MAPC,Boston Region,Boston Region: NSPC,None (MBTA),Core (51),Commuter Rail,Maturing Suburbs,MS: Mature Suburban Towns
345,2500380685,Windsor,003,Berkshire,1,BCRPC,Berkshire,Berkshire: North-Central,BRTA,Not MBTA,NA,Rural Towns,Rural Towns
346,2502581005,Winthrop,025,Suffolk,6,MAPC,Boston Region,Boston Region: ICC,None (MBTA),Core (51),Adjacent community,Inner Core,IC: Streetcar Suburbs
347,2501781035,Woburn,017,Middlesex,4,MAPC,Boston Region,Boston Region: NSPC,None (MBTA),Core (51),Commuter Rail,Regional Urban Centers,RUC: Sub-RUC
348,2502782000,Worcester,027,Worcester,3,CMRPC,Central Mass,Central Mass: Central,WRTA,Extended,Commuter Rail,Regional Urban Centers,RUC: Major RUC
349,2501582175,Worthington,015,Hampshire,1,PVPC,Pioneer Valley,Pioneer Valley: 5,FRTA,Not MBTA,NA,Rural Towns,Rural Towns
350,2502182315,Wrentham,021,Norfolk,5,MAPC,Boston Region,Boston Region: SWAP,GATRA,Extended,Adjacent community,Developing Suburbs,DS: Country Suburbs
351,2500182525,Yarmouth,001,Barnstable,5,CCC,Cape Cod,Cape Cod: Mid Cape,CCRTA,Not MBTA,NA,Maturing Suburbs,MS: Established Suburbs and Cape Cod Towns
